フィールドタイプ,フィールド名,フィールドコード,ノートや説明など,必須,一覧表示,初期値,最小値,最大値,選択肢,オプションラベル,フィールド幅
文字列（1行）,案件ID,assignment_id,drv26001形式,○,○,,,,,,
ルックアップ,クライアント会社名,client_name,クライアントアプリから参照,○,○,,,,,,
文字列（1行）,クライアント責任者,client_manager,,○,○,,,,,,
文字列（1行）,メイン担当者,main_staff,,○,○,,,,,,
ドロップダウン,大カテゴリ,category_major,案件種別マスタから選択,○,○,,,,J社_加熱式タバコ販促PR施策
J社_紙巻きタバコサンプリングPR施策
喫煙調査施策
その他,,
ドロップダウン,中カテゴリ,category_middle,大カテゴリに紐づく,○,○,,,,TP開拓
飲食店巡回2980円
飲食店巡回1480円
飲食店巡回980円
パーキング/喫煙所系2980円
パーキング/喫煙所系1480円
パーキング/喫煙所系980円
飲食店巡回_武蔵野支社
飲食店開拓_武蔵野支社
中小型フェス系
商業施設/たばこ屋系
外販案件
喫煙マナー調査
履行確認
人流調査,,
文字列（1行）,小カテゴリ,category_minor,エリア/施設名など,○,○,,,,,,
日付,開始期間,start_date,,○,○,,,,,,
日付,終了期間,end_date,,,○,,,,,,
文字列（1行）,住所,address,,,○,,,,,,
時刻,集合時間,gathering_time,,,○,,,,,,
時刻,開始時間,start_time,,,○,,,,,,
時刻,終了時間,end_time,,,○,,,,,,
時刻,解散時間,dismissal_time,,,○,,,,,,
数値,1日稼働時間(h),working_hours,,,,,,,,,,
リンク,詳細リンク,detail_url,,,,,,,,,
文字列（複数行）,販売ルール,sales_rule,,,,,,,,,
数値,請求単価_月ベース報酬,billing_rate_monthly,税抜,,,,,,,,,
数値,請求単価_1日1人工,billing_rate_daily,税抜,,,,,,,,,
文字列（1行）,請求単価_インセン報酬,billing_rate_incentive,,,,,,,,,
文字列（複数行）,備考,notes,,,,,,,,,
作成日時,作成日時,created_at,,,,,,,,,
更新日時,更新日時,updated_at,,,,,,,,,
作成者,作成者,creator,,,,,,,,,
更新者,更新者,modifier,,,,,,,,,
