price_id,client_id,project_id,role_id,unit_price,valid_from,valid_until,is_default,notes
PS001,C001,,R001,1500,2026-01-01,2026-12-31,いいえ,A商事向け警備員単価
PS002,C001,,R002,2000,2026-01-01,2026-12-31,いいえ,A商事向け責任者単価
PS003,C002,,R001,1400,2026-01-01,2026-12-31,いいえ,B不動産向け警備員単価
PS004,C002,,R002,1800,2026-01-01,2026-12-31,いいえ,B不動産向け責任者単価
PS005,C003,,R001,1600,2026-01-01,2026-12-31,いいえ,C建設向け警備員単価
PS006,C003,,R003,1700,2026-01-01,2026-12-31,いいえ,C建設向け交通誘導員単価
PS007,,,R001,1300,2026-01-01,2026-12-31,はい,デフォルト警備員単価
PS008,,,R002,1800,2026-01-01,2026-12-31,はい,デフォルト責任者単価
PS009,,,R003,1500,2026-01-01,2026-12-31,はい,デフォルト交通誘導員単価
