price_id,worker_id,project_id,role_id,unit_price,valid_from,valid_until,is_default,notes
PO001,W001,,R001,1200,2026-01-01,2026-12-31,いいえ,山田太郎・警備員単価
PO002,W002,,R002,1600,2026-01-01,2026-12-31,いいえ,佐藤花子・責任者単価
PO003,W003,,R001,1300,2026-01-01,2026-12-31,いいえ,鈴木一郎・夜勤単価
PO004,W004,,R001,1100,2026-01-01,2026-12-31,いいえ,田中美咲・警備員単価
PO005,W005,,R001,1150,2026-01-01,2026-12-31,いいえ,高橋健太・警備員単価
PO006,W006,,R003,1250,2026-01-01,2026-12-31,いいえ,伊藤真由美・交通誘導員単価
PO007,,,R001,1000,2026-01-01,2026-12-31,はい,デフォルト警備員単価
PO008,,,R002,1500,2026-01-01,2026-12-31,はい,デフォルト責任者単価
PO009,,,R003,1200,2026-01-01,2026-12-31,はい,デフォルト交通誘導員単価
